Workbook

Sheet Lojas Leves
A1: ID | B1: Loja | C1: Mensalidade | D1: Cockpit | E1: SPFv | F1: SPRenda | G1: SPRenda Premium | H1: DIA | I1: DIA Premium | J1: Garantia Full | K1: Garantia MC
A2: 1 | B2: 2D MOTORS | C2: 0 | D2: 39157.33 | E2: 13458.81 | F2: 500 | G2: 990 | H2: 500 | I2: 0 | J2: 7 | K2: 8
A3: 2 | B3: IMPACTO | C3: 750 | D3: 39157.33 | E3: 13458.81 | F3: 500 | G3: 990 | H3: 500 | I3: 0 | J3: 7 | K3: 3
A4: 3 | B4: QUEIROZ | C4: 750 | D4: 15000 | E4: 80000 | F4: 500 | G4: 990 | H4: 500 | I4: 790 | J4: 3 | K4: 2
A5: 4 | B5: LM VEICULOS | C5: 1500 | D5: 20000 | E5: 10000 | F5: 500 | G5: 990 | H5: 500 | I5: 790 | J5: 5 | K5: 1
B21: Total | C21: =SUM(C2:C20) -> 3000 | D21: =SUM(D2:D20) -> 113314.66 | E21: =SUM(E2:E20) -> 116917.62 | F21: =SUM(F2:F20) -> 2000 | G21: =SUM(G2:G20) -> 3960 | H21: =SUM(H2:H20) -> 2000 | I21: =SUM(I2:I20) -> 1580 | J21: =SUM(J2:J20) -> 22 | K21: =SUM(K2:K20) -> 14

Sheet % comissao
C1: PRODUTOS/ SERVIÇOS
B2: Mensalidade | C2: Cockpit | D2: SPFv | E2: SPRenda | F2: SPRenda Premium | G2: DIA | H2: DIA Premium | I2: Garantia Full | J2: Garantia MC
A3: Consultor | B3: 0.05 | C3: 0.005 | D3: 0.02 | E3: 0.02 | F3: 0.02 | G3: 0.02 | H3: 0.02 | I3: 50 | J3: 25
A4: Operador | B4: 0.15 | C4: 0.025 | D4: 0.03 | E4: 0.03 | F4: 0.03 | G4: 0.03 | H4: 0.03 | I4: 100 | J4: 25
A5: Smart | B5: 0.8 | C5: 0.07 | D5: 0.2 | E5: 0.1 | F5: 0.1 | G5: 0.1 | H5: 0.1 | I5: 450 | J5: 350

Sheet Smart
A1: ID | B1: Nome do Consultor | C1: Mensalidade | D1: Cockpit | E1: SPFv | F1: SPRenda | G1: SPRenda Premium | H1: DIA | I1: DIA Premium | J1: Garantia Full | K1: Garantia MC | L1: Total
A2: ='Lojas Leves'!A2 -> 1 | B2: ='Lojas Leves'!B2 -> 2D MOTORS | C2: ='Lojas Leves'!C2*'% comissao'!$B$5 -> 0 | D2: ='Lojas Leves'!D2*'% comissao'!$C$5 -> 2741.0131 | E2: ='Lojas Leves'!E2*'% comissao'!$D$5 -> 2691.762 | F2: ='Lojas Leves'!F2*'% comissao'!$E$5 -> 50 | G2: ='Lojas Leves'!G2*'% comissao'!$F$5 -> 99 | H2: ='Lojas Leves'!H2*'% comissao'!$G$5 -> 50 | I2: ='Lojas Leves'!I2*'% comissao'!$H$5 -> 0 | J2: ='Lojas Leves'!J2*'% comissao'!$I$5 -> 3150 | K2: ='Lojas Leves'!K2*'% comissao'!$J$5 -> 2800 | L2: =SUM(C2:K2) -> 11581.775
A3: ='Lojas Leves'!A3 -> 2 | B3: ='Lojas Leves'!B3 -> IMPACTO | C3: ='Lojas Leves'!C3*'% comissao'!$B$5 -> 600 | D3: ='Lojas Leves'!D3*'% comissao'!$C$5 -> 2741.0131 | E3: ='Lojas Leves'!E3*'% comissao'!$D$5 -> 2691.762 | F3: ='Lojas Leves'!F3*'% comissao'!$E$5 -> 50 | G3: ='Lojas Leves'!G3*'% comissao'!$F$5 -> 99 | H3: ='Lojas Leves'!H3*'% comissao'!$G$5 -> 50 | I3: ='Lojas Leves'!I3*'% comissao'!$H$5 -> 0 | J3: ='Lojas Leves'!J3*'% comissao'!$I$5 -> 3150 | K3: ='Lojas Leves'!K3*'% comissao'!$J$5 -> 1050 | L3: =SUM(C3:K3) -> 10431.775
A4: ='Lojas Leves'!A4 -> 3 | B4: ='Lojas Leves'!B4 -> QUEIROZ | C4: ='Lojas Leves'!C4*'% comissao'!$B$5 -> 600 | D4: ='Lojas Leves'!D4*'% comissao'!$C$5 -> 1050 | E4: ='Lojas Leves'!E4*'% comissao'!$D$5 -> 16000 | F4: ='Lojas Leves'!F4*'% comissao'!$E$5 -> 50 | G4: ='Lojas Leves'!G4*'% comissao'!$F$5 -> 99 | H4: ='Lojas Leves'!H4*'% comissao'!$G$5 -> 50 | I4: ='Lojas Leves'!I4*'% comissao'!$H$5 -> 79 | J4: ='Lojas Leves'!J4*'% comissao'!$I$5 -> 1350 | K4: ='Lojas Leves'!K4*'% comissao'!$J$5 -> 700 | L4: =SUM(C4:K4) -> 19978
A5: ='Lojas Leves'!A5 -> 4 | B5: ='Lojas Leves'!B5 -> LM VEICULOS | C5: ='Lojas Leves'!C5*'% comissao'!$B$5 -> 1200 | D5: ='Lojas Leves'!D5*'% comissao'!$C$5 -> 1400 | E5: ='Lojas Leves'!E5*'% comissao'!$D$5 -> 2000 | F5: ='Lojas Leves'!F5*'% comissao'!$E$5 -> 50 | G5: ='Lojas Leves'!G5*'% comissao'!$F$5 -> 99 | H5: ='Lojas Leves'!H5*'% comissao'!$G$5 -> 50 | I5: ='Lojas Leves'!I5*'% comissao'!$H$5 -> 79 | J5: ='Lojas Leves'!J5*'% comissao'!$I$5 -> 2250 | K5: ='Lojas Leves'!K5*'% comissao'!$J$5 -> 350 | L5: =SUM(C5:K5) -> 7478
A6: ='Lojas Leves'!A6 -> 0 | B6: ='Lojas Leves'!B6 -> 0 | C6: ='Lojas Leves'!C6*'% comissao'!$B$5 -> 0 | D6: ='Lojas Leves'!D6*'% comissao'!$C$5 -> 0 | E6: ='Lojas Leves'!E6*'% comissao'!$D$5 -> 0 | F6: ='Lojas Leves'!F6*'% comissao'!$E$5 -> 0 | G6: ='Lojas Leves'!G6*'% comissao'!$F$5 -> 0 | H6: ='Lojas Leves'!H6*'% comissao'!$G$5 -> 0 | I6: ='Lojas Leves'!I6*'% comissao'!$H$5 -> 0 | J6: ='Lojas Leves'!J6*'% comissao'!$I$5 -> 0 | K6: ='Lojas Leves'!K6*'% comissao'!$J$5 -> 0 | L6: =SUM(C6:K6) -> 0
A7: ='Lojas Leves'!A7 -> 0 | B7: ='Lojas Leves'!B7 -> 0 | C7: ='Lojas Leves'!C7*'% comissao'!$B$5 -> 0 | D7: ='Lojas Leves'!D7*'% comissao'!$C$5 -> 0 | E7: ='Lojas Leves'!E7*'% comissao'!$D$5 -> 0 | F7: ='Lojas Leves'!F7*'% comissao'!$E$5 -> 0 | G7: ='Lojas Leves'!G7*'% comissao'!$F$5 -> 0 | H7: ='Lojas Leves'!H7*'% comissao'!$G$5 -> 0 | I7: ='Lojas Leves'!I7*'% comissao'!$H$5 -> 0 | J7: ='Lojas Leves'!J7*'% comissao'!$I$5 -> 0 | K7: ='Lojas Leves'!K7*'% comissao'!$J$5 -> 0 | L7: =SUM(C7:K7) -> 0
A8: ='Lojas Leves'!A8 -> 0 | B8: ='Lojas Leves'!B8 -> 0 | C8: ='Lojas Leves'!C8*'% comissao'!$B$5 -> 0 | D8: ='Lojas Leves'!D8*'% comissao'!$C$5 -> 0 | E8: ='Lojas Leves'!E8*'% comissao'!$D$5 -> 0 | F8: ='Lojas Leves'!F8*'% comissao'!$E$5 -> 0 | G8: ='Lojas Leves'!G8*'% comissao'!$F$5 -> 0 | H8: ='Lojas Leves'!H8*'% comissao'!$G$5 -> 0 | I8: ='Lojas Leves'!I8*'% comissao'!$H$5 -> 0 | J8: ='Lojas Leves'!J8*'% comissao'!$I$5 -> 0 | K8: ='Lojas Leves'!K8*'% comissao'!$J$5 -> 0 | L8: =SUM(C8:K8) -> 0
A9: ='Lojas Leves'!A9 -> 0 | B9: ='Lojas Leves'!B9 -> 0 | C9: ='Lojas Leves'!C9*'% comissao'!$B$5 -> 0 | D9: ='Lojas Leves'!D9*'% comissao'!$C$5 -> 0 | E9: ='Lojas Leves'!E9*'% comissao'!$D$5 -> 0 | F9: ='Lojas Leves'!F9*'% comissao'!$E$5 -> 0 | G9: ='Lojas Leves'!G9*'% comissao'!$F$5 -> 0 | H9: ='Lojas Leves'!H9*'% comissao'!$G$5 -> 0 | I9: ='Lojas Leves'!I9*'% comissao'!$H$5 -> 0 | J9: ='Lojas Leves'!J9*'% comissao'!$I$5 -> 0 | K9: ='Lojas Leves'!K9*'% comissao'!$J$5 -> 0 | L9: =SUM(C9:K9) -> 0
A10: ='Lojas Leves'!A10 -> 0 | B10: ='Lojas Leves'!B10 -> 0 | C10: ='Lojas Leves'!C10*'% comissao'!$B$5 -> 0 | D10: ='Lojas Leves'!D10*'% comissao'!$C$5 -> 0 | E10: ='Lojas Leves'!E10*'% comissao'!$D$5 -> 0 | F10: ='Lojas Leves'!F10*'% comissao'!$E$5 -> 0 | G10: ='Lojas Leves'!G10*'% comissao'!$F$5 -> 0 | H10: ='Lojas Leves'!H10*'% comissao'!$G$5 -> 0 | I10: ='Lojas Leves'!I10*'% comissao'!$H$5 -> 0 | J10: ='Lojas Leves'!J10*'% comissao'!$I$5 -> 0 | K10: ='Lojas Leves'!K10*'% comissao'!$J$5 -> 0 | L10: =SUM(C10:K10) -> 0
A11: ='Lojas Leves'!A11 -> 0 | B11: ='Lojas Leves'!B11 -> 0 | C11: ='Lojas Leves'!C11*'% comissao'!$B$5 -> 0 | D11: ='Lojas Leves'!D11*'% comissao'!$C$5 -> 0 | E11: ='Lojas Leves'!E11*'% comissao'!$D$5 -> 0 | F11: ='Lojas Leves'!F11*'% comissao'!$E$5 -> 0 | G11: ='Lojas Leves'!G11*'% comissao'!$F$5 -> 0 | H11: ='Lojas Leves'!H11*'% comissao'!$G$5 -> 0 | I11: ='Lojas Leves'!I11*'% comissao'!$H$5 -> 0 | J11: ='Lojas Leves'!J11*'% comissao'!$I$5 -> 0 | K11: ='Lojas Leves'!K11*'% comissao'!$J$5 -> 0 | L11: =SUM(C11:K11) -> 0
A12: ='Lojas Leves'!A12 -> 0 | B12: ='Lojas Leves'!B12 -> 0 | C12: ='Lojas Leves'!C12*'% comissao'!$B$5 -> 0 | D12: ='Lojas Leves'!D12*'% comissao'!$C$5 -> 0 | E12: ='Lojas Leves'!E12*'% comissao'!$D$5 -> 0 | F12: ='Lojas Leves'!F12*'% comissao'!$E$5 -> 0 | G12: ='Lojas Leves'!G12*'% comissao'!$F$5 -> 0 | H12: ='Lojas Leves'!H12*'% comissao'!$G$5 -> 0 | I12: ='Lojas Leves'!I12*'% comissao'!$H$5 -> 0 | J12: ='Lojas Leves'!J12*'% comissao'!$I$5 -> 0 | K12: ='Lojas Leves'!K12*'% comissao'!$J$5 -> 0 | L12: =SUM(C12:K12) -> 0
A13: ='Lojas Leves'!A13 -> 0 | B13: ='Lojas Leves'!B13 -> 0 | C13: ='Lojas Leves'!C13*'% comissao'!$B$5 -> 0 | D13: ='Lojas Leves'!D13*'% comissao'!$C$5 -> 0 | E13: ='Lojas Leves'!E13*'% comissao'!$D$5 -> 0 | F13: ='Lojas Leves'!F13*'% comissao'!$E$5 -> 0 | G13: ='Lojas Leves'!G13*'% comissao'!$F$5 -> 0 | H13: ='Lojas Leves'!H13*'% comissao'!$G$5 -> 0 | I13: ='Lojas Leves'!I13*'% comissao'!$H$5 -> 0 | J13: ='Lojas Leves'!J13*'% comissao'!$I$5 -> 0 | K13: ='Lojas Leves'!K13*'% comissao'!$J$5 -> 0 | L13: =SUM(C13:K13) -> 0
... A20: ='Lojas Leves'!A20 -> 0 | B20: ='Lojas Leves'!B20 -> 0 | C20: ='Lojas Leves'!C20*'% comissao'!$B$5 -> 0 | D20: ='Lojas Leves'!D20*'% comissao'!$C$5 -> 0 | E20: ='Lojas Leves'!E20*'% comissao'!$D$5 -> 0 | F20: ='Lojas Leves'!F20*'% comissao'!$E$5 -> 0 | G20: ='Lojas Leves'!G20*'% comissao'!$F$5 -> 0 | H20: ='Lojas Leves'!H20*'% comissao'!$G$5 -> 0 | I20: ='Lojas Leves'!I20*'% comissao'!$H$5 -> 0 | J20: ='Lojas Leves'!J20*'% comissao'!$I$5 -> 0 | K20: ='Lojas Leves'!K20*'% comissao'!$J$5 -> 0 | L20: =SUM(C20:K20) -> 0
C21: =SUM(C2:C20) -> 2400 | D21: =SUM(D2:D20) -> 7932.0262 | E21: =SUM(E2:E20) -> 23383.524 | F21: =SUM(F2:F20) -> 200 | G21: =SUM(G2:G20) -> 396 | H21: =SUM(H2:H20) -> 200 | I21: =SUM(I2:I20) -> 158 | J21: =SUM(J2:J20) -> 9900 | ... L21: =SUM(L2:L20) -> 49469.55
K23: Baía | L23: =L21/2 -> 24734.775
K24: Delatorre | L24: =L21/2 -> 24734.775

Sheet Operadores
A1: ID | B1: Nome do Consultor | C1: Mensalidade | D1: Cockpit | E1: SPFv | F1: SPRenda | G1: SPRenda Premium | H1: DIA | I1: DIA Premium | J1: Garantia Full | K1: Garantia MC | L1: Total
A2: ='Lojas Leves'!A2 -> 1 | B2: ='Lojas Leves'!B2 -> 2D MOTORS | C2: ='Lojas Leves'!C21*'% comissao'!B4 -> 450 | D2: ='Lojas Leves'!D21*'% comissao'!C4 -> 2832.8665 | E2: ='Lojas Leves'!E21*'% comissao'!D4 -> 3507.5286 | F2: ='Lojas Leves'!F21*'% comissao'!E4 -> 60 | G2: ='Lojas Leves'!G21*'% comissao'!F4 -> 118.8 | H2: ='Lojas Leves'!H21*'% comissao'!G4 -> 60 | I2: ='Lojas Leves'!I21*'% comissao'!H4 -> 47.4 | J2: ='Lojas Leves'!J21*'% comissao'!I4 -> 2200 | K2: ='Lojas Leves'!K21*'% comissao'!J4 -> 350 | L2: =SUM(C2:K2) -> 9626.5951
A3: ='Lojas Leves'!A3 -> 2 | B3: ='Lojas Leves'!B3 -> IMPACTO | C3: ='Lojas Leves'!C22*'% comissao'!B5 -> 0 | D3: ='Lojas Leves'!D22*'% comissao'!C5 -> 0 | E3: ='Lojas Leves'!E22*'% comissao'!D5 -> 0 | F3: ='Lojas Leves'!F22*'% comissao'!E5 -> 0 | G3: ='Lojas Leves'!G22*'% comissao'!F5 -> 0 | H3: ='Lojas Leves'!H22*'% comissao'!G5 -> 0 | I3: ='Lojas Leves'!I22*'% comissao'!H5 -> 0 | J3: ='Lojas Leves'!J22*'% comissao'!I5 -> 0 | K3: ='Lojas Leves'!K22*'% comissao'!J5 -> 0 | L3: =SUM(C3:K3) -> 0
A4: ='Lojas Leves'!A4 -> 3 | B4: ='Lojas Leves'!B4 -> QUEIROZ | C4: ='Lojas Leves'!C23*'% comissao'!B6 -> 0 | D4: ='Lojas Leves'!D23*'% comissao'!C6 -> 0 | E4: ='Lojas Leves'!E23*'% comissao'!D6 -> 0 | F4: ='Lojas Leves'!F23*'% comissao'!E6 -> 0 | G4: ='Lojas Leves'!G23*'% comissao'!F6 -> 0 | H4: ='Lojas Leves'!H23*'% comissao'!G6 -> 0 | I4: ='Lojas Leves'!I23*'% comissao'!H6 -> 0 | J4: ='Lojas Leves'!J23*'% comissao'!I6 -> 0 | K4: ='Lojas Leves'!K23*'% comissao'!J6 -> 0 | L4: =SUM(C4:K4) -> 0
A5: ='Lojas Leves'!A5 -> 4 | B5: ='Lojas Leves'!B5 -> LM VEICULOS | C5: ='Lojas Leves'!C24*'% comissao'!B7 -> 0 | D5: ='Lojas Leves'!D24*'% comissao'!C7 -> 0 | E5: ='Lojas Leves'!E24*'% comissao'!D7 -> 0 | F5: ='Lojas Leves'!F24*'% comissao'!E7 -> 0 | G5: ='Lojas Leves'!G24*'% comissao'!F7 -> 0 | H5: ='Lojas Leves'!H24*'% comissao'!G7 -> 0 | I5: ='Lojas Leves'!I24*'% comissao'!H7 -> 0 | J5: ='Lojas Leves'!J24*'% comissao'!I7 -> 0 | K5: ='Lojas Leves'!K24*'% comissao'!J7 -> 0 | L5: =SUM(C5:K5) -> 0
A6: ='Lojas Leves'!A6 -> 0 | B6: ='Lojas Leves'!B6 -> 0 | C6: ='Lojas Leves'!C25*'% comissao'!B8 -> 0 | D6: ='Lojas Leves'!D25*'% comissao'!C8 -> 0 | E6: ='Lojas Leves'!E25*'% comissao'!D8 -> 0 | F6: ='Lojas Leves'!F25*'% comissao'!E8 -> 0 | G6: ='Lojas Leves'!G25*'% comissao'!F8 -> 0 | H6: ='Lojas Leves'!H25*'% comissao'!G8 -> 0 | I6: ='Lojas Leves'!I25*'% comissao'!H8 -> 0 | J6: ='Lojas Leves'!J25*'% comissao'!I8 -> 0 | K6: ='Lojas Leves'!K25*'% comissao'!J8 -> 0 | L6: =SUM(C6:K6) -> 0
A7: ='Lojas Leves'!A7 -> 0 | B7: ='Lojas Leves'!B7 -> 0 | C7: ='Lojas Leves'!C26*'% comissao'!B9 -> 0 | D7: ='Lojas Leves'!D26*'% comissao'!C9 -> 0 | E7: ='Lojas Leves'!E26*'% comissao'!D9 -> 0 | F7: ='Lojas Leves'!F26*'% comissao'!E9 -> 0 | G7: ='Lojas Leves'!G26*'% comissao'!F9 -> 0 | H7: ='Lojas Leves'!H26*'% comissao'!G9 -> 0 | I7: ='Lojas Leves'!I26*'% comissao'!H9 -> 0 | J7: ='Lojas Leves'!J26*'% comissao'!I9 -> 0 | K7: ='Lojas Leves'!K26*'% comissao'!J9 -> 0 | L7: =SUM(C7:K7) -> 0
A8: ='Lojas Leves'!A8 -> 0 | B8: ='Lojas Leves'!B8 -> 0 | C8: ='Lojas Leves'!C27*'% comissao'!B10 -> 0 | D8: ='Lojas Leves'!D27*'% comissao'!C10 -> 0 | E8: ='Lojas Leves'!E27*'% comissao'!D10 -> 0 | F8: ='Lojas Leves'!F27*'% comissao'!E10 -> 0 | G8: ='Lojas Leves'!G27*'% comissao'!F10 -> 0 | H8: ='Lojas Leves'!H27*'% comissao'!G10 -> 0 | I8: ='Lojas Leves'!I27*'% comissao'!H10 -> 0 | J8: ='Lojas Leves'!J27*'% comissao'!I10 -> 0 | K8: ='Lojas Leves'!K27*'% comissao'!J10 -> 0 | L8: =SUM(C8:K8) -> 0
A9: ='Lojas Leves'!A9 -> 0 | B9: ='Lojas Leves'!B9 -> 0 | C9: ='Lojas Leves'!C28*'% comissao'!B11 -> 0 | D9: ='Lojas Leves'!D28*'% comissao'!C11 -> 0 | E9: ='Lojas Leves'!E28*'% comissao'!D11 -> 0 | F9: ='Lojas Leves'!F28*'% comissao'!E11 -> 0 | G9: ='Lojas Leves'!G28*'% comissao'!F11 -> 0 | H9: ='Lojas Leves'!H28*'% comissao'!G11 -> 0 | I9: ='Lojas Leves'!I28*'% comissao'!H11 -> 0 | J9: ='Lojas Leves'!J28*'% comissao'!I11 -> 0 | K9: ='Lojas Leves'!K28*'% comissao'!J11 -> 0 | L9: =SUM(C9:K9) -> 0
A10: ='Lojas Leves'!A10 -> 0 | B10: ='Lojas Leves'!B10 -> 0 | C10: ='Lojas Leves'!C29*'% comissao'!B12 -> 0 | D10: ='Lojas Leves'!D29*'% comissao'!C12 -> 0 | E10: ='Lojas Leves'!E29*'% comissao'!D12 -> 0 | F10: ='Lojas Leves'!F29*'% comissao'!E12 -> 0 | G10: ='Lojas Leves'!G29*'% comissao'!F12 -> 0 | H10: ='Lojas Leves'!H29*'% comissao'!G12 -> 0 | I10: ='Lojas Leves'!I29*'% comissao'!H12 -> 0 | J10: ='Lojas Leves'!J29*'% comissao'!I12 -> 0 | K10: ='Lojas Leves'!K29*'% comissao'!J12 -> 0 | L10: =SUM(C10:K10) -> 0
A11: ='Lojas Leves'!A11 -> 0 | B11: ='Lojas Leves'!B11 -> 0 | C11: ='Lojas Leves'!C30*'% comissao'!B13 -> 0 | D11: ='Lojas Leves'!D30*'% comissao'!C13 -> 0 | E11: ='Lojas Leves'!E30*'% comissao'!D13 -> 0 | F11: ='Lojas Leves'!F30*'% comissao'!E13 -> 0 | G11: ='Lojas Leves'!G30*'% comissao'!F13 -> 0 | H11: ='Lojas Leves'!H30*'% comissao'!G13 -> 0 | I11: ='Lojas Leves'!I30*'% comissao'!H13 -> 0 | J11: ='Lojas Leves'!J30*'% comissao'!I13 -> 0 | K11: ='Lojas Leves'!K30*'% comissao'!J13 -> 0 | L11: =SUM(C11:K11) -> 0
A12: ='Lojas Leves'!A12 -> 0 | B12: ='Lojas Leves'!B12 -> 0 | C12: ='Lojas Leves'!C31*'% comissao'!B14 -> 0 | D12: ='Lojas Leves'!D31*'% comissao'!C14 -> 0 | E12: ='Lojas Leves'!E31*'% comissao'!D14 -> 0 | F12: ='Lojas Leves'!F31*'% comissao'!E14 -> 0 | G12: ='Lojas Leves'!G31*'% comissao'!F14 -> 0 | H12: ='Lojas Leves'!H31*'% comissao'!G14 -> 0 | I12: ='Lojas Leves'!I31*'% comissao'!H14 -> 0 | J12: ='Lojas Leves'!J31*'% comissao'!I14 -> 0 | K12: ='Lojas Leves'!K31*'% comissao'!J14 -> 0 | L12: =SUM(C12:K12) -> 0
A13: ='Lojas Leves'!A13 -> 0 | B13: ='Lojas Leves'!B13 -> 0 | C13: ='Lojas Leves'!C32*'% comissao'!B15 -> 0 | D13: ='Lojas Leves'!D32*'% comissao'!C15 -> 0 | E13: ='Lojas Leves'!E32*'% comissao'!D15 -> 0 | F13: ='Lojas Leves'!F32*'% comissao'!E15 -> 0 | G13: ='Lojas Leves'!G32*'% comissao'!F15 -> 0 | H13: ='Lojas Leves'!H32*'% comissao'!G15 -> 0 | I13: ='Lojas Leves'!I32*'% comissao'!H15 -> 0 | J13: ='Lojas Leves'!J32*'% comissao'!I15 -> 0 | K13: ='Lojas Leves'!K32*'% comissao'!J15 -> 0 | L13: =SUM(C13:K13) -> 0
... A20: ='Lojas Leves'!A20 -> 0 | B20: ='Lojas Leves'!B20 -> 0 | C20: ='Lojas Leves'!C39*'% comissao'!B22 -> 0 | D20: ='Lojas Leves'!D39*'% comissao'!C22 -> 0 | E20: ='Lojas Leves'!E39*'% comissao'!D22 -> 0 | F20: ='Lojas Leves'!F39*'% comissao'!E22 -> 0 | G20: ='Lojas Leves'!G39*'% comissao'!F22 -> 0 | H20: ='Lojas Leves'!H39*'% comissao'!G22 -> 0 | I20: ='Lojas Leves'!I39*'% comissao'!H22 -> 0 | J20: ='Lojas Leves'!J39*'% comissao'!I22 -> 0 | K20: ='Lojas Leves'!K39*'% comissao'!J22 -> 0 | L20: =SUM(C20:K20) -> 0
C21: =SUM(C2:C20) -> 450 | D21: =SUM(D2:D20) -> 2832.8665 | E21: =SUM(E2:E20) -> 3507.5286 | F21: =SUM(F2:F20) -> 60 | G21: =SUM(G2:G20) -> 118.8 | H21: =SUM(H2:H20) -> 60 | I21: =SUM(I2:I20) -> 47.4 | J21: =SUM(J2:J20) -> 2200 | ... L21: =SUM(L2:L20) -> 9626.5951

Sheet Consultores
A1: ID | B1: Nome do Consultor | C1: Mensalidade | D1: Cockpit | E1: SPFv | F1: SPRenda | G1: SPRenda Premium | H1: DIA | I1: DIA Premium | J1: Garantia Full | K1: Garantia MC | L1: Total
A2: ='Lojas Leves'!A2 -> 1 | B2: ='Lojas Leves'!B2 -> 2D MOTORS | C2: ='Lojas Leves'!C21*'% comissao'!B3 -> 150 | D2: ='Lojas Leves'!D21*'% comissao'!C3 -> 566.5733 | E2: ='Lojas Leves'!E21*'% comissao'!D3 -> 2338.3524 | F2: ='Lojas Leves'!F21*'% comissao'!E3 -> 40 | G2: ='Lojas Leves'!G21*'% comissao'!F3 -> 79.2 | H2: ='Lojas Leves'!H21*'% comissao'!G3 -> 40 | I2: ='Lojas Leves'!I21*'% comissao'!H3 -> 31.6 | J2: ='Lojas Leves'!J21*'% comissao'!I3 -> 1100 | K2: ='Lojas Leves'!K21*'% comissao'!J3 -> 350 | L2: =SUM(C2:K2) -> 4695.7257
A3: ='Lojas Leves'!A3 -> 2 | B3: ='Lojas Leves'!B3 -> IMPACTO | C3: ='Lojas Leves'!C22*'% comissao'!B4 -> 0 | D3: ='Lojas Leves'!D22*'% comissao'!C4 -> 0 | E3: ='Lojas Leves'!E22*'% comissao'!D4 -> 0 | F3: ='Lojas Leves'!F22*'% comissao'!E4 -> 0 | G3: ='Lojas Leves'!G22*'% comissao'!F4 -> 0 | H3: ='Lojas Leves'!H22*'% comissao'!G4 -> 0 | I3: ='Lojas Leves'!I22*'% comissao'!H4 -> 0 | J3: ='Lojas Leves'!J22*'% comissao'!I4 -> 0 | K3: ='Lojas Leves'!K22*'% comissao'!J4 -> 0 | L3: =SUM(C3:K3) -> 0
A4: ='Lojas Leves'!A4 -> 3 | B4: ='Lojas Leves'!B4 -> QUEIROZ | C4: ='Lojas Leves'!C23*'% comissao'!B5 -> 0 | D4: ='Lojas Leves'!D23*'% comissao'!C5 -> 0 | E4: ='Lojas Leves'!E23*'% comissao'!D5 -> 0 | F4: ='Lojas Leves'!F23*'% comissao'!E5 -> 0 | G4: ='Lojas Leves'!G23*'% comissao'!F5 -> 0 | H4: ='Lojas Leves'!H23*'% comissao'!G5 -> 0 | I4: ='Lojas Leves'!I23*'% comissao'!H5 -> 0 | J4: ='Lojas Leves'!J23*'% comissao'!I5 -> 0 | K4: ='Lojas Leves'!K23*'% comissao'!J5 -> 0 | L4: =SUM(C4:K4) -> 0
A5: ='Lojas Leves'!A5 -> 4 | B5: ='Lojas Leves'!B5 -> LM VEICULOS | C5: ='Lojas Leves'!C24*'% comissao'!B6 -> 0 | D5: ='Lojas Leves'!D24*'% comissao'!C6 -> 0 | E5: ='Lojas Leves'!E24*'% comissao'!D6 -> 0 | F5: ='Lojas Leves'!F24*'% comissao'!E6 -> 0 | G5: ='Lojas Leves'!G24*'% comissao'!F6 -> 0 | H5: ='Lojas Leves'!H24*'% comissao'!G6 -> 0 | I5: ='Lojas Leves'!I24*'% comissao'!H6 -> 0 | J5: ='Lojas Leves'!J24*'% comissao'!I6 -> 0 | K5: ='Lojas Leves'!K24*'% comissao'!J6 -> 0 | L5: =SUM(C5:K5) -> 0
A6: ='Lojas Leves'!A6 -> 0 | B6: ='Lojas Leves'!B6 -> 0 | C6: ='Lojas Leves'!C25*'% comissao'!B7 -> 0 | D6: ='Lojas Leves'!D25*'% comissao'!C7 -> 0 | E6: ='Lojas Leves'!E25*'% comissao'!D7 -> 0 | F6: ='Lojas Leves'!F25*'% comissao'!E7 -> 0 | G6: ='Lojas Leves'!G25*'% comissao'!F7 -> 0 | H6: ='Lojas Leves'!H25*'% comissao'!G7 -> 0 | I6: ='Lojas Leves'!I25*'% comissao'!H7 -> 0 | J6: ='Lojas Leves'!J25*'% comissao'!I7 -> 0 | K6: ='Lojas Leves'!K25*'% comissao'!J7 -> 0 | L6: =SUM(C6:K6) -> 0
A7: ='Lojas Leves'!A7 -> 0 | B7: ='Lojas Leves'!B7 -> 0 | C7: ='Lojas Leves'!C26*'% comissao'!B8 -> 0 | D7: ='Lojas Leves'!D26*'% comissao'!C8 -> 0 | E7: ='Lojas Leves'!E26*'% comissao'!D8 -> 0 | F7: ='Lojas Leves'!F26*'% comissao'!E8 -> 0 | G7: ='Lojas Leves'!G26*'% comissao'!F8 -> 0 | H7: ='Lojas Leves'!H26*'% comissao'!G8 -> 0 | I7: ='Lojas Leves'!I26*'% comissao'!H8 -> 0 | J7: ='Lojas Leves'!J26*'% comissao'!I8 -> 0 | K7: ='Lojas Leves'!K26*'% comissao'!J8 -> 0 | L7: =SUM(C7:K7) -> 0
A8: ='Lojas Leves'!A8 -> 0 | B8: ='Lojas Leves'!B8 -> 0 | C8: ='Lojas Leves'!C27*'% comissao'!B9 -> 0 | D8: ='Lojas Leves'!D27*'% comissao'!C9 -> 0 | E8: ='Lojas Leves'!E27*'% comissao'!D9 -> 0 | F8: ='Lojas Leves'!F27*'% comissao'!E9 -> 0 | G8: ='Lojas Leves'!G27*'% comissao'!F9 -> 0 | H8: ='Lojas Leves'!H27*'% comissao'!G9 -> 0 | I8: ='Lojas Leves'!I27*'% comissao'!H9 -> 0 | J8: ='Lojas Leves'!J27*'% comissao'!I9 -> 0 | K8: ='Lojas Leves'!K27*'% comissao'!J9 -> 0 | L8: =SUM(C8:K8) -> 0
A9: ='Lojas Leves'!A9 -> 0 | B9: ='Lojas Leves'!B9 -> 0 | C9: ='Lojas Leves'!C28*'% comissao'!B10 -> 0 | D9: ='Lojas Leves'!D28*'% comissao'!C10 -> 0 | E9: ='Lojas Leves'!E28*'% comissao'!D10 -> 0 | F9: ='Lojas Leves'!F28*'% comissao'!E10 -> 0 | G9: ='Lojas Leves'!G28*'% comissao'!F10 -> 0 | H9: ='Lojas Leves'!H28*'% comissao'!G10 -> 0 | I9: ='Lojas Leves'!I28*'% comissao'!H10 -> 0 | J9: ='Lojas Leves'!J28*'% comissao'!I10 -> 0 | K9: ='Lojas Leves'!K28*'% comissao'!J10 -> 0 | L9: =SUM(C9:K9) -> 0
A10: ='Lojas Leves'!A10 -> 0 | B10: ='Lojas Leves'!B10 -> 0 | C10: ='Lojas Leves'!C29*'% comissao'!B11 -> 0 | D10: ='Lojas Leves'!D29*'% comissao'!C11 -> 0 | E10: ='Lojas Leves'!E29*'% comissao'!D11 -> 0 | F10: ='Lojas Leves'!F29*'% comissao'!E11 -> 0 | G10: ='Lojas Leves'!G29*'% comissao'!F11 -> 0 | H10: ='Lojas Leves'!H29*'% comissao'!G11 -> 0 | I10: ='Lojas Leves'!I29*'% comissao'!H11 -> 0 | J10: ='Lojas Leves'!J29*'% comissao'!I11 -> 0 | K10: ='Lojas Leves'!K29*'% comissao'!J11 -> 0 | L10: =SUM(C10:K10) -> 0
A11: ='Lojas Leves'!A11 -> 0 | B11: ='Lojas Leves'!B11 -> 0 | C11: ='Lojas Leves'!C30*'% comissao'!B12 -> 0 | D11: ='Lojas Leves'!D30*'% comissao'!C12 -> 0 | E11: ='Lojas Leves'!E30*'% comissao'!D12 -> 0 | F11: ='Lojas Leves'!F30*'% comissao'!E12 -> 0 | G11: ='Lojas Leves'!G30*'% comissao'!F12 -> 0 | H11: ='Lojas Leves'!H30*'% comissao'!G12 -> 0 | I11: ='Lojas Leves'!I30*'% comissao'!H12 -> 0 | J11: ='Lojas Leves'!J30*'% comissao'!I12 -> 0 | K11: ='Lojas Leves'!K30*'% comissao'!J12 -> 0 | L11: =SUM(C11:K11) -> 0
A12: ='Lojas Leves'!A12 -> 0 | B12: ='Lojas Leves'!B12 -> 0 | C12: ='Lojas Leves'!C31*'% comissao'!B13 -> 0 | D12: ='Lojas Leves'!D31*'% comissao'!C13 -> 0 | E12: ='Lojas Leves'!E31*'% comissao'!D13 -> 0 | F12: ='Lojas Leves'!F31*'% comissao'!E13 -> 0 | G12: ='Lojas Leves'!G31*'% comissao'!F13 -> 0 | H12: ='Lojas Leves'!H31*'% comissao'!G13 -> 0 | I12: ='Lojas Leves'!I31*'% comissao'!H13 -> 0 | J12: ='Lojas Leves'!J31*'% comissao'!I13 -> 0 | K12: ='Lojas Leves'!K31*'% comissao'!J13 -> 0 | L12: =SUM(C12:K12) -> 0
A13: ='Lojas Leves'!A13 -> 0 | B13: ='Lojas Leves'!B13 -> 0 | C13: ='Lojas Leves'!C32*'% comissao'!B14 -> 0 | D13: ='Lojas Leves'!D32*'% comissao'!C14 -> 0 | E13: ='Lojas Leves'!E32*'% comissao'!D14 -> 0 | F13: ='Lojas Leves'!F32*'% comissao'!E14 -> 0 | G13: ='Lojas Leves'!G32*'% comissao'!F14 -> 0 | H13: ='Lojas Leves'!H32*'% comissao'!G14 -> 0 | I13: ='Lojas Leves'!I32*'% comissao'!H14 -> 0 | J13: ='Lojas Leves'!J32*'% comissao'!I14 -> 0 | K13: ='Lojas Leves'!K32*'% comissao'!J14 -> 0 | L13: =SUM(C13:K13) -> 0
... A20: ='Lojas Leves'!A20 -> 0 | B20: ='Lojas Leves'!B20 -> 0 | C20: ='Lojas Leves'!C39*'% comissao'!B21 -> 0 | D20: ='Lojas Leves'!D39*'% comissao'!C21 -> 0 | E20: ='Lojas Leves'!E39*'% comissao'!D21 -> 0 | F20: ='Lojas Leves'!F39*'% comissao'!E21 -> 0 | G20: ='Lojas Leves'!G39*'% comissao'!F21 -> 0 | H20: ='Lojas Leves'!H39*'% comissao'!G21 -> 0 | I20: ='Lojas Leves'!I39*'% comissao'!H21 -> 0 | J20: ='Lojas Leves'!J39*'% comissao'!I21 -> 0 | K20: ='Lojas Leves'!K39*'% comissao'!J21 -> 0 | L20: =SUM(C20:K20) -> 0
C21: =SUM(C2:C20) -> 150 | D21: =SUM(D2:D20) -> 566.5733 | E21: =SUM(E2:E20) -> 2338.3524 | F21: =SUM(F2:F20) -> 40 | G21: =SUM(G2:G20) -> 79.2 | H21: =SUM(H2:H20) -> 40 | I21: =SUM(I2:I20) -> 31.6 | J21: =SUM(J2:J20) -> 1100 | ... L21: =SUM(L2:L20) -> 4695.7257
